,Gender,Age,Education_lev,fluidIQ,freq_calls,freq_Tools,freq_Finance,freq_Games,freq_Entertainment,freq_Productivity,freq_Personalization,freq_News...Magazines,freq_Unknown,freq_Photography,freq_Shopping,freq_Communication,freq_Books...Reference,freq_Travel...Local,freq_Music...Audio,freq_Medical,freq_Education,freq_Business,freq_Lifestyle,freq_Transportation,freq_Weather,freq_Sports,freq_Browser,freq_Health...Fitness,freq_Media...Video,freq_Social,freq_Comics,dur_calls,dur_Tools,dur_Finance,dur_Games,dur_Entertainment,dur_Productivity,dur_Personalization,dur_News...Magazines,dur_Unknown,dur_Photography,dur_Shopping,dur_Communication,dur_Books...Reference,dur_Travel...Local,dur_Music...Audio,dur_Medical,dur_Education,dur_Business,dur_Lifestyle,dur_Transportation,dur_Weather,dur_Sports,dur_Browser,dur_Health...Fitness,dur_Media...Video,dur_Social,dur_Comics
97,1,19,4,0.4926,43,151,0,0,39,254,0,0,1999,114,0,1671,38,19,228,0,0,0,0,78,22,0,111,0,0,0,0,51.046511627907,89.6993233914711,0.0,0.0,46.627199342232,24.403594474499897,0.0,0.0,2.7551792273231803,24.1324647968927,0.0,38.8719692855453,27.6250353045823,47.4166666666667,18.649207978198,0.0,0.0,0.0,0.0,52.767694244917294,12.6360167120364,0.0,82.3847916278534,0.0,0.0,0.0,0.0
73,1,32,4,-0.1564,1011,314,0,0,9,57,0,0,6,74,0,2318,0,5,40,0,0,0,0,0,9,0,109,0,0,49,0,74.6973293768546,23.5851961636685,0.0,0.0,10.0,15.9600489484534,0.0,0.0,5.8270174013353095,26.4203978390597,0.0,10.8975481377143,0.0,37.8268717847786,9.664302884160278,0.0,0.0,0.0,0.0,0.0,13.293382013187198,0.0,74.19294637129309,0.0,0.0,23.5481934481666,0.0
71,1,21,4,1.0024,174,187,42,545,97,96,0,1,8,101,3,1826,18,36,9,0,0,8,15,61,0,111,61,15,0,0,9,72.60919540229891,14.6217178418556,42.4362816869082,145.529174706683,42.1719882977555,29.9419093269595,0.0,2.0,3.55523055210558,24.679109058687896,30.0,34.124793072347195,114.435482741603,50.65,16.6400278181661,0.0,0.0,0.0,138.156211067053,43.847457627118594,0.0,145.421131468863,58.30771017795939,26.2050505874406,0.0,0.0,103.36516495346001
44,2,24,5,-0.0598,62,191,0,60,12,210,0,15,21,156,0,1113,17,58,89,0,23,32,0,48,5,0,192,0,20,10,0,0.0,18.351421173151603,0.0,149.98718819593,0.0,18.3997935052221,0.0,3.0,3.27128150606022,45.830111477347096,0.0,65.0545347274815,58.733650221187894,70.6360752205496,15.6172955107368,0.0,647.215582393405,49.805238046606,0.0,49.810010486240394,21.0,0.0,123.38113279433901,0.0,138.0,0.0,0.0
108,1,21,4,0.5786,226,122,50,127,40,31,0,260,36,53,24,2477,6,35,104,0,5,32,59,51,18,370,196,2,25,6,0,61.8628318584071,5.6210970628924795,25.988778985668898,45.35296527775821,69.9654924309161,20.0571761213004,0.0,61.227718417490905,2.66527227852215,14.563846432164599,2.6666666666666696,15.576160580362401,1.5,50.3846153846154,17.195148389092697,0.0,130.6,23.747396024049397,22.182672044401897,40.0089278285277,7.80375623077444,45.1010749555839,42.887077813471606,45.5,74.71428571428571,0.0,0.0
131,2,18,4,1.2295,199,609,9,285,406,387,0,11,388,99,0,1874,114,58,186,0,56,34,0,108,17,0,224,0,16,374,0,174.86934673366798,6.681202052351201,46.8571428571429,198.61136475217,7.67841954306457,13.143844611131598,0.0,47.9267426606795,3.3346810150819395,16.0971030765798,0.0,25.546732809463702,17.1391709826476,46.4925045633634,7.7249465835215,0.0,22.2780829960086,50.114547001672,0.0,35.0257120321512,31.950018853306798,0.0,55.953365478048404,0.0,44.590085035370294,91.71563884529291,0.0
13,2,26,5,0.9162,332,193,0,9,23,170,0,85,3,11,0,1183,9,14,13,0,0,0,0,25,8,7,38,0,2,85,0,60.259036144578296,9.14549230823741,0.0,477.0,73.23076923076921,22.063169096240102,0.0,26.5739807395868,5.27443512585247,52.00012055909411,0.0,20.274593034896103,24.25,83.39217969258691,6.0,0.0,0.0,0.0,0.0,32.4095470973866,46.6666666666667,38.3333333333333,64.1808165080956,0.0,0.0,25.0691793458637,0.0
66,1,28,4,0.8435,735,286,0,0,42,139,0,79,377,73,0,1941,24,140,37,0,0,17,17,22,19,0,557,0,22,10,0,85.6775510204082,24.4696757115695,0.0,0.0,77.99170657818459,24.0333246171496,0.0,80.16043215210179,5.78713224832733,11.3568041107671,0.0,20.4807457504362,72.3081081365959,84.9109168800848,17.656672865566698,0.0,0.0,40.2142857142857,36.9901643300902,36.0,15.3684210526316,0.0,54.208920279792004,0.0,11.5154081759756,0.0,0.0
89,2,27,4,1.3434,143,194,31,138,16,182,0,10,51,255,25,2256,7,36,13,0,27,5,37,79,0,0,152,6,18,369,0,0.0,10.164754608401001,91.73194360793501,121.694637815824,45.1666666666667,16.9201561171802,0.0,0.0,3.1379112811730896,24.1755236273453,109.733333333333,32.5116878214196,8.0,72.5667166114807,2.2800057105660296,0.0,39.388004711894204,5.0,27.5871498849406,54.88468188286821,0.0,0.0,76.0678839967492,0.0,51.0,70.6956198715088,0.0
63,2,22,4,0.9043,350,412,0,0,28,60,1,8,3,53,0,1550,2,16,17,0,0,1,0,0,0,0,180,0,4,163,0,92.65428571428569,4.44865365604708,0.0,0.0,101.221710872098,24.447307522179102,2.0,0.0,2.96100012857066,9.01151478330407,0.0,32.3728070818458,0.0,21.1960031815455,8.48335319881293,0.0,0.0,52.0,0.0,0.0,0.0,0.0,58.713749181114295,0.0,0.0,74.0352095081548,0.0
90,1,20,4,0.7417,33,390,0,31,46,248,0,8,2626,60,1,953,2,55,206,0,0,31,0,0,0,8,505,363,12,775,0,24.7272727272727,11.0852896679018,0.0,159.662463157485,542.987518446302,15.692058260117,0.0,0.0,2.0,16.7783431837605,0.0,18.9735165642083,0.0,44.194203098228996,10.525166553513,0.0,0.0,24.4225149766434,0.0,0.0,0.0,58.875,73.16844266067409,27.6417780022093,28.613397790145896,67.8543114178015,0.0
15,2,19,4,0.9034,253,300,0,0,19,55,0,22,14,227,0,2083,13,24,7,0,0,12,0,48,6,0,99,0,13,275,0,0.0,24.8040303298478,0.0,0.0,51.3333512290304,42.265285630506796,0.0,18.6782383215886,2.7989004975791403,26.2256611801482,0.0,27.1234447844178,74.0712811967002,77.7009514120652,0.0,0.0,0.0,23.8333333333333,0.0,70.9358618190463,2.0,0.0,70.2800867729311,0.0,36.8571428571429,100.38250621233401,0.0
106,1,21,4,-0.0214,174,1172,0,352,72,680,0,915,59,303,76,4560,657,168,673,0,4,0,192,74,55,0,1322,431,18,1774,0,25.017241379310303,16.6118475174704,0.0,247.555660608813,30.838141040146603,24.6391963329989,0.0,152.832935987712,2.0,21.9689167073175,46.4787810569866,31.0362741218249,12.000840191455701,39.410734891786205,12.2818048808498,0.0,0.0,0.0,43.420369306609004,29.4500605635164,15.140491656717801,0.0,34.931574603346,42.4078053748733,2.0,86.31465801608739,0.0
40,2,23,4,2.4034,471,544,0,172,43,494,0,20,70,121,0,3750,2,266,16,47,0,28,2,119,2,6,612,2,7,809,0,133.68152866242,16.4544141682221,0.0,283.292377329431,73.085332885752,22.406469403794897,0.0,0.0,3.63087944487786,43.7759704159093,0.0,18.2010245058981,0.0,55.000743165390006,35.0,2.0,0.0,77.0877930192368,0.0,62.422997794828504,3.5,127.099888628841,64.1877198900501,0.0,152.0,51.562396766915995,0.0
135,2,26,5,0.0797,49,104,0,7,13,45,0,49,40,23,66,541,10,27,20,0,0,0,9,44,1,0,26,11,14,48,0,0.0,11.251959430821199,0.0,63.466904690471495,64.0,36.5325365120459,0.0,97.74100851106621,5.065949794982919,25.0247894466915,39.9962210011287,34.3109282134903,0.0,61.898777640593394,16.260031158810598,0.0,0.0,0.0,5.980022274231759,52.04538612969561,17.0,0.0,40.2477580525644,24.0,0.0,27.362401179903102,0.0
61,1,27,5,1.7293,140,408,0,29,157,272,0,0,70,58,0,1284,76,4,0,0,9,1,0,72,0,0,460,0,86,25,13,217.785714285714,19.495485129583102,0.0,717.1648209765281,45.5807576891385,23.2165832067528,0.0,0.0,5.29364739999178,20.0971040741491,0.0,23.8685424074127,64.14224697397161,112.386949081619,0.0,0.0,99.34033181531521,4.0,0.0,40.2822923451937,0.0,0.0,104.89169341042499,0.0,84.007918146591,51.984526904351995,168.14726764428698
3,2,34,5,0.7387,89,157,0,0,41,75,2,4,3625,102,0,3140,256,108,21,0,0,9,0,3,108,0,263,53,4,118,0,35.314606741573,20.677723045875897,0.0,0.0,84.17302801224301,31.069522291463798,99.0,0.0,3.22702883248218,17.0306550495473,0.0,41.059489203088106,30.1932845779783,42.857907918817894,15.253427397530698,0.0,0.0,11.4057421422229,0.0,2.0,28.180582273392602,0.0,50.146309318993104,37.6000676934134,0.0,63.630655315567,0.0
52,1,18,4,1.4896,76,1725,8,635,95,1178,26,30,1292,51,39,862,153,162,223,0,356,39,0,27,0,0,755,0,123,334,1,117.94736842105301,2.06649153792894,37.333345413208,8.428931016349269,9.53836433457009,13.421553996361698,2.8725030143404298,51.720024285833304,3.53434708808749,19.1089163138032,54.637636712950105,8.5916259194445,31.9621745358336,29.082391656680603,21.4935822079967,0.0,109.77312046412202,22.023497037765498,0.0,33.1505250991055,0.0,0.0,32.3472811496925,0.0,4.16908808911507,37.442935707996995,397.0
107,1,26,4,0.7652,349,319,0,183,8,86,0,65,327,206,0,1391,0,52,139,0,0,12,1,0,19,0,163,0,2,0,0,54.57306590257879,7.8194780142295,0.0,135.878783757589,45.88013364539061,32.5138226814466,0.0,193.799555228158,3.45646192884426,16.1988322889134,0.0,22.092890960679103,0.0,50.7881900228666,10.6725877453585,0.0,0.0,63.512101461430504,3.0,0.0,45.6541635632275,0.0,54.18724263701961,0.0,92.0,0.0,0.0
56,2,26,4,0.6243,113,227,12,10,93,332,0,80,37,296,5,1848,57,132,68,2,49,21,165,128,0,0,400,40,66,12,0,19.1681415929204,29.315564677165103,63.4444444444444,897.444444444444,165.024760675863,30.0893991193833,0.0,106.648040083677,5.852808176528519,22.881663256464602,44.9101002340429,44.6089700642167,50.8657621796722,69.2443079375851,17.8465004164066,4.0,83.3698440400015,61.2389328861689,28.817507951592397,44.1187996245924,0.0,0.0,91.33012660083469,24.987018793151698,35.64563897263329,123.6,0.0
6,1,23,5,0.4192,47,459,0,9,135,447,0,10,33,134,0,1433,24,84,12,0,37,51,0,53,29,0,104,14,28,308,0,684.212765957447,10.140073539380198,0.0,19.1680383364666,19.1908800322813,14.4095780649531,0.0,6.39200899964278,3.81880330481411,13.752978931756802,0.0,21.9413845296121,3.3266737403303397,17.3100390433564,3.995560297824,0.0,20.6250246387828,5.43556538872095,0.0,20.7697559420831,2.0,0.0,33.798317946581,18.4733554765786,20.486991036524,22.693596040109803,0.0
76,1,19,4,0.9055,90,287,0,384,90,88,0,0,18,33,0,5468,239,23,159,0,0,52,0,114,0,15,1292,0,2,41,0,29.544444444444398,12.360888025243401,0.0,133.992590778063,100.817965091663,22.2981868726872,0.0,0.0,2.11390591177042,15.256575177773499,0.0,41.3905978535365,11.8427325981315,62.7400452852833,14.078947329973099,0.0,0.0,23.8933531807063,0.0,47.6040555077065,0.0,48.2286324604701,94.419540786016,0.0,0.0,31.5927767094845,0.0
134,2,22,4,2.4032,203,145,0,89,41,49,0,0,1673,141,0,1471,2,20,7,0,0,0,0,8,6,0,124,0,4,126,0,54.6305418719212,15.6300519237617,0.0,382.61775554710295,74.1615469765067,27.1877379487144,0.0,0.0,2.31136862567061,27.002368615286997,0.0,31.2125427330552,0.0,5.480024444464519,73.0,0.0,0.0,0.0,0.0,72.1666666666667,7.33333333333333,0.0,107.57141947600999,0.0,0.0,58.38010314626511,0.0
111,2,21,4,-0.5453,78,476,0,7,42,111,0,1,41,201,37,2874,7,40,73,0,0,27,700,174,28,13,242,0,40,1408,0,1.5,16.1803073660644,0.0,5.49001223711334,56.312989406714,16.6917811060836,0.0,4.0,3.52747566634207,23.5943085655481,84.3220911408225,38.7740410776669,29.6,55.88342363478561,6.56000721286263,0.0,0.0,49.9717426663982,50.487432690776394,41.6974300490255,40.8645364662618,38.536059851508895,38.011873094785294,0.0,59.0637343369897,42.969062300566996,0.0
120,2,19,4,0.9547,627,1137,359,519,98,256,0,21,763,507,111,6092,43,47,87,35,4,112,10,210,0,0,659,9,17,2080,0,113.188197767145,3.25891976000833,22.1787792734636,118.90120272330499,89.5399164934853,12.346918840574201,0.0,2.0,2.11883523322424,6.469082011683769,45.3205994961835,19.6743015730607,38.9236132643042,53.461440323707706,10.2852181091888,3.66074731498252,5.970033411347639,24.2888402907863,70.8,37.6672435252146,0.0,0.0,59.398910666191505,12.6167210977951,39.4,101.11818057992201,0.0
109,1,23,4,3.0946,170,27,0,0,49,25,0,146,1,63,2,2482,2,12,2,0,189,0,0,11,0,0,107,10,2,39,0,204.717647058824,21.1231017365084,0.0,0.0,187.72994402225498,13.2577998219385,0.0,2.0,1.90449858130625,16.0340310010942,0.0,30.194267493983197,0.0,30.0,0.0,0.0,9.87773447914315,0.0,0.0,56.406823295531595,0.0,0.0,43.864538694085105,38.4444444444444,0.0,32.545454545454504,0.0
125,2,25,5,0.5943,461,195,47,0,22,118,0,8,22,425,0,3071,34,140,87,54,33,13,26,165,22,0,496,26,4,122,0,75.12581344902391,20.6776765695348,13.357972010942198,0.0,70.2192849230431,25.378236569848102,0.0,0.0,2.7975392429034502,11.7019754202774,0.0,18.4173931574395,38.9467247357041,38.783392619482,22.7549129217808,2.0,25.6522394201347,52.1419676751074,16.1619260282135,38.15855024488071,30.388952062952104,0.0,56.5536553885866,39.0246141194847,0.0,52.7681697647966,0.0
110,1,26,5,0.5352,288,127,0,4,6,55,0,143,5,32,0,652,8,29,11,0,0,2,23,2,0,0,41,40,2,18,0,117.864583333333,41.1152566130482,0.0,0.0,0.0,20.7045686061413,0.0,90.87450353681808,4.69535318398655,22.0771663039284,0.0,13.346040700171699,0.0,54.322890754085904,12.0,0.0,0.0,14.0,29.024036842606,18.0,0.0,0.0,39.951003529238896,110.347557170482,0.0,0.0,0.0
68,2,19,4,0.9253,116,39,0,13,23,24,0,90,2,27,1,1233,1,4,39,43,0,0,252,53,2,0,31,0,2,218,0,71.5603448275862,28.158823479131698,0.0,501.71428571428595,165.720136389715,17.6720333207031,0.0,250.529054838484,6.238977227637651,6.825283752241581,929.0,63.4134051685169,108.0,231.0,19.317186365123998,14.9842231226769,0.0,0.0,25.0603193160121,86.92632335429572,62.5,0.0,93.0779958973295,0.0,0.0,262.221798294035,0.0
98,2,27,5,0.9759,75,223,0,0,10,306,0,97,24,273,0,3518,4,144,395,0,0,4,0,0,0,0,1001,0,6,557,0,32.96,9.14053315825227,0.0,0.0,0.0,4.09882815208781,0.0,9.507027968567069,2.48049157420546,32.721821324878995,0.0,29.8506636599743,0.0,30.746907139429396,2.5298808445490804,0.0,0.0,28.560128595733598,0.0,0.0,0.0,0.0,73.88792625432009,0.0,2.0,35.9749672143045,0.0
105,2,29,5,-0.1423,450,354,0,421,18,184,12,300,327,377,2,2886,47,6,13,0,0,17,62,48,197,0,432,0,28,10,0,59.355555555555604,23.5956244809553,0.0,296.066928426666,28.0,22.5037890141473,158.220868695039,69.8983830739884,6.63306184012771,23.165046662859698,0.0,15.457862427893698,35.358142467759,61.2,30.773397037284003,0.0,0.0,28.5157752319308,40.9365230094969,44.0377542340547,30.0902482980722,0.0,90.72389838659191,0.0,29.7046369183636,0.0,0.0
119,2,22,4,0.8666,305,129,0,83,0,68,0,4,5,64,0,1650,2,17,41,0,2,0,11,72,0,2,294,0,40,6,0,80.3311475409836,15.166367122132199,0.0,215.99432436653998,0.0,19.8722434063129,0.0,0.0,2.4261431917647203,17.2483817477852,0.0,32.133460660555,0.0,67.3894025523274,28.3822876976685,0.0,93.0,0.0,87.0,50.236283091009206,0.0,0.0,123.43401338873699,0.0,490.83294711273805,0.0,0.0
11,1,20,4,1.1349,51,1505,0,100,2,142,0,90,15,52,5,841,2,17,72,0,14,5,0,18,0,23,202,0,0,0,0,17.8235294117647,7.9462214135812195,0.0,92.21908467883091,0.0,28.354047316119598,0.0,101.172384721422,5.35429027888988,25.9087084492136,146.0,94.20891590980499,0.0,82.1262807616942,7.11001408739291,0.0,108.335198307507,12.970033411347599,0.0,70.5000054641956,0.0,75.3421299030563,91.6184945452636,0.0,0.0,0.0,0.0
133,1,27,5,1.3344,237,308,110,51,24,325,0,246,53,141,21,3921,23,287,67,0,25,6,52,88,35,0,410,503,12,67,0,82.0970464135021,18.973107696655898,40.080448921957604,55.1027710182059,148.40165249690202,25.2156078798421,0.0,111.652355745389,3.53682376371005,18.787181422868,21.8,36.001207383646296,27.461538461538503,45.505254024409396,32.5631995115372,0.0,306.6,93.1666666666667,66.15679369080421,30.250286769447698,26.1168473371468,0.0,71.3100588936755,38.825163184527504,45.9429262105751,59.94333758043221,0.0
93,2,19,4,0.8702,128,276,1,19,41,99,0,16,91,214,0,1699,27,20,16,0,0,95,10,119,0,0,708,28,32,10,0,76.8671875,12.4432563765424,5.0,42.769230769230795,142.71756663342398,11.0805428705703,0.0,29.0,3.6323965961947797,28.166353706844102,0.0,49.4603409556,18.7943043157541,57.125,11.338593502625,0.0,0.0,34.2693206735212,60.9300647880762,62.9751326147287,0.0,0.0,77.33096880652701,86.8478546414118,89.61492275544,0.0,0.0
41,1,33,4,-0.0822,1300,488,11,31,363,435,0,216,122,59,164,5533,9,341,14,4,2,16,222,244,26,0,582,46,54,2142,0,122.806153846154,22.5462910817404,12.0,44.0,103.61810746566401,33.2556270978277,0.0,10.2119449078148,9.24288606160923,19.0154486195569,39.2952827466475,19.347912403166802,92.0,52.2992440609991,70.0,21.5,6.0,26.3154664954557,32.5052988674664,55.761456921002704,13.759555885303,0.0,53.6954676644143,32.9100596079165,39.790677841715,41.7051753502186,0.0
95,2,22,4,0.3459,130,745,0,42,186,35,0,10,148,111,8,1286,5,23,2,0,0,3,8,28,9,0,352,0,4,1177,0,184.146153846154,14.122448216176698,0.0,442.74817892596803,279.231888628567,20.5624378151615,0.0,0.0,2.63779287761018,36.9622887438468,60.4572706106567,23.9020437516184,6.0,55.974575665892296,0.0,0.0,0.0,2.0,36.5,58.2916734089495,25.5555555555556,0.0,66.952775642006,0.0,0.0,62.352879592232505,0.0
1,1,21,4,0.9921,98,239,3,0,21,88,0,4,42,113,23,3430,5,19,4,0,0,7,0,34,0,0,187,0,1,211,0,176.214285714286,21.2012359486119,77.0,0.0,292.69536642979097,29.8236456900874,0.0,0.0,2.14906617752123,16.753146566377097,90.8043796172504,42.1974109258036,52.0,53.70294691675571,0.0,0.0,0.0,24.285714285714302,0.0,74.5876449114748,0.0,0.0,95.8291103807464,0.0,0.0,82.5819537340634,0.0
91,2,22,4,0.6379,241,177,0,4,125,339,0,13,34,25,16,1549,9,117,18,0,0,66,29,9,0,0,271,0,7,165,0,29.5394190871369,19.4411871887066,0.0,0.0,40.2205544577513,50.5707765506974,0.0,122.28838246510901,5.33158079250344,23.206373288123498,57.0260899760561,29.9143113710818,29.0,60.4250797494579,30.950051839046502,0.0,0.0,45.8231897863054,32.303376902844896,66.6666666666667,0.0,0.0,76.31537752000709,0.0,112.0,48.6107688679152,0.0
124,2,25,4,-0.0122,275,283,0,15,30,37,0,12,3,135,0,2427,10,56,22,0,0,1,0,0,0,0,194,0,13,164,0,247.490909090909,15.337343018071499,0.0,430.81132531679003,163.298244222451,23.0985278490787,0.0,0.0,2.90839851001781,35.5087805445084,0.0,39.3615261836976,2.0,51.4392482597034,3.88202135325958,0.0,0.0,144.0,0.0,0.0,0.0,0.0,80.023738099319,0.0,24.7200263550611,66.0555051230195,0.0
42,2,22,4,-0.3989,568,2077,0,0,178,336,0,126,1603,1316,100,8357,4,100,190,0,1,14,2,169,0,0,2448,6,45,1071,0,78.375,1.73494354036026,0.0,0.0,31.546943153241,14.2447763571361,0.0,74.43484048384191,2.05113815239363,10.560952770334598,63.0169401085799,17.6558107282087,46.670198819565805,36.03560524498221,10.9078278954917,0.0,1.0,24.2092537317859,14.5,34.48681925889839,0.0,0.0,69.1107621496315,3.4850167056738197,10.379449275763001,61.974208991225794,0.0
4,2,23,4,0.9785,244,140,0,164,20,140,1,0,3284,266,0,2153,14,141,13,0,0,0,0,6,72,0,363,0,10,15,0,98.1639344262295,8.812731665612,0.0,43.5009112780573,3.62145467770003,14.4098249265464,6.0,0.0,2.50226507577142,11.1327981555196,0.0,26.9685648140698,67.7126884469082,48.2232065847211,2.2450058727833597,0.0,0.0,0.0,0.0,77.3333333333333,3.81267137489482,0.0,30.335529295911698,0.0,9.0,16.400008740213302,0.0
17,2,21,3,1.5184,20,122,0,22,1,46,0,0,25,151,0,1249,18,2,56,0,0,39,0,63,1,0,333,3,0,333,0,0.0,41.9242048669254,0.0,696.47619047619,18.0,30.274040327958,0.0,0.0,4.472518316477419,21.067405956362,0.0,36.781262459532,37.8857629863346,151.0,12.765811071333802,0.0,0.0,60.6631197245432,0.0,61.1424235295637,24.0,0.0,73.730653694689,518.0,0.0,57.594612265935496,0.0
38,1,22,4,0.8775,22,286,45,153,71,111,0,56,18,33,10,636,19,42,141,0,0,8,0,69,17,30,70,14,9,56,0,47.7272727272727,23.9532195251058,53.110098667668,318.97044654621203,67.5933368930364,32.191671752951,0.0,44.2751156088366,2.0,19.2123277553575,0.0,38.6771632372102,19.5555555555556,46.8926785430015,12.5998391257826,0.0,0.0,51.0,0.0,50.3088651711863,15.5384615384615,77.84019082928481,104.430437111791,17.5571593031693,2.0,64.0719920332481,0.0
5,1,25,5,0.2092,244,44,0,3,4,29,0,4,8,5,0,716,2,23,27,0,0,1,0,0,3,0,166,2,0,2,0,149.479508196721,12.0096845895745,0.0,563.0,0.0,16.8127887689894,0.0,0.0,5.07944602096306,87.79524612482349,0.0,18.3784262647318,0.0,28.4038397064787,9.30728608234829,0.0,0.0,30.0,0.0,0.0,36.0399554515365,0.0,138.688685030709,157.0,0.0,0.0,0.0
53,2,24,5,0.7257,276,192,9,83,33,206,0,13,56,54,0,1349,5,20,31,0,0,0,73,60,1,0,250,2,3,284,0,44.8224637681159,13.076247021989902,43.8500597308998,423.853504079252,122.079145611495,19.816813153741396,0.0,55.3951188213931,5.1933587554943,34.4108797649579,0.0,34.793034955799,4.0,63.757856742124005,31.6137103202807,0.0,0.0,0.0,146.603152998748,67.3132297779511,8.0,0.0,110.29879264633999,50.0,2.0,138.35887707318898,0.0
130,2,22,4,-0.0995,915,116,0,0,2,54,0,6,41,137,0,2598,4,47,7,0,0,35,0,0,0,0,253,0,10,358,0,84.3300546448087,25.5380823745817,0.0,0.0,0.0,27.5970953696701,0.0,0.0,3.65164728367068,53.0300177457174,0.0,20.0772417685609,0.0,80.20316433381079,37.2,0.0,0.0,81.30886565064509,0.0,0.0,0.0,0.0,92.0031975480047,0.0,14.933412555297,75.531420701632,0.0
83,2,26,4,-0.3376,318,292,0,0,6,99,0,141,56,49,5,2218,4,32,14,6,0,2,0,18,0,0,117,23,4,4,0,230.41509433962298,19.376130567805102,0.0,0.0,122.0,29.570880156930798,0.0,177.75275771808998,15.324073724012498,29.2178093542288,246.0,46.8180003542768,0.0,117.787352683412,12.3983537806866,46.9051058026009,0.0,86.0,0.0,50.41275988360821,0.0,0.0,123.27159600786001,60.6118756023489,0.0,25.0,0.0
0,1,23,4,0.7251,120,414,0,40,51,553,0,8,31,260,52,1930,3,128,113,0,11,1,7,153,0,184,231,176,1,8,0,80.5083333333333,19.9892340944657,0.0,474.149741372312,66.142811933548,27.2998067102042,0.0,63.482947555137606,5.59486564300966,22.3064563117097,62.5418080515106,60.222363394912996,102.0,66.64077967242889,19.2733669729923,0.0,35.316075920574704,4.0,60.6666666666667,55.46902726680679,0.0,124.447371127306,72.5028561014452,125.38299650615801,140.0,0.0,0.0
34,2,27,5,0.9607,153,182,5,0,17,116,0,10,23,77,0,1060,4,27,2,0,0,6,0,38,16,0,202,27,41,8,0,161.045751633987,22.883992107101804,35.0,0.0,32.1233858740418,28.4501455457788,0.0,0.0,5.3793954430310595,22.859710264342297,0.0,33.6111615564311,0.0,48.9823288438792,0.0,0.0,0.0,46.0301451266212,0.0,42.4759917092335,15.4375,0.0,48.9137001716694,51.5171407568959,43.6011253910843,0.0,0.0
28,2,25,5,0.1229,17,159,0,94,19,45,0,12,137,40,0,356,8,14,2,0,2,22,0,47,53,0,127,0,5,10,0,0.0,5.714729463844661,0.0,481.54716763911796,83.02868665903871,17.841706662841197,0.0,0.0,2.96472736408108,21.8728895649119,0.0,43.3451655286203,16.326674087165802,56.6666666666667,0.0,0.0,582.0,72.3590736971088,0.0,40.264309141228,12.2702442611092,0.0,70.72311592731658,0.0,28.0,0.0,0.0
55,1,27,5,0.4087,618,1397,20,22,221,853,13,230,1100,180,3,2733,38,127,279,0,7,23,45,12,2,67,1067,11,99,255,0,91.4546925566343,9.5558942305322,46.738482314660594,126.6162114393,9.76522795402617,13.940419394655398,10.476026604241099,53.063063616573,5.01985307603163,6.3686208977198895,20.950055685579397,13.624292052541001,36.7732951081835,63.110274022787294,12.2234381672649,0.0,5.48501825835008,14.965750603039998,39.91144189581821,27.4340782590344,131.0,15.4743451791391,52.32875843920429,42.965749222435,15.921553579437198,26.511135342154397,0.0
75,2,23,4,0.711,13,141,0,603,13,115,0,14,23,73,0,919,4,10,21,0,28,1,9,30,0,34,117,22,12,9,0,920.230769230769,12.4464836119408,0.0,129.521503672735,324.0,100.31241969587099,0.0,0.0,2.8666348083748696,16.5456379044179,0.0,19.8670489573437,0.0,65.5,21.2222222222222,0.0,26.5228087423879,48.0,23.6601031919164,69.44796075073829,0.0,32.8760424823503,53.6138673250114,30.8250475278336,14.166672858993499,62.0,0.0
35,2,24,4,0.9327,204,161,0,100,41,147,0,35,26,158,18,2683,44,41,89,0,0,17,16,74,1,1,335,0,18,658,0,1347.6764705882401,18.6820550452735,0.0,284.37410972703,132.417216641135,24.5070913989992,0.0,32.4,11.6030761392013,19.821231685221697,55.7320718556765,35.071532870636204,36.986433635625794,54.2727272727273,18.206042690144102,0.0,0.0,8.97003515289901,0.0,55.7863110909738,2.0,23.0,57.3881732926981,0.0,19.2933821925163,64.4740899168781,0.0
23,2,50,2,-0.9661,98,56,0,0,12,103,0,12,4,144,0,1882,4,8,6,0,0,2,0,4,0,0,72,0,75,9,0,0.0,26.666761668402,0.0,0.0,0.0,21.3920463683645,0.0,0.0,10.744491644558599,32.626398004580395,0.0,60.744897835589505,0.0,0.0,0.0,0.0,0.0,35.0,0.0,56.0,0.0,0.0,51.5432580879912,0.0,31.9746320984938,4.0,0.0
74,2,18,4,0.5404,1055,343,9,4,70,251,0,48,45,238,18,4599,4,84,123,0,0,110,8,60,5,18,524,2,99,2999,0,43.3611374407583,20.5590716182068,5.33333333333333,381.0,142.198256361576,33.5186935664978,0.0,44.170823931845206,3.0075553148459,29.9455027831414,73.2526173776957,16.5740602432077,0.0,49.24001552115,35.7698307710205,0.0,0.0,34.107959829554304,7.78801453546168,40.301027081185296,13.6,48.9287956732558,70.2121869902493,0.0,20.4918352020901,39.125728333843604,0.0
31,2,21,4,0.498,121,362,3,448,275,40,0,40,62,42,1,2110,4,11,34,0,5,23,0,63,1,27,162,0,23,548,0,0.0,17.417910843502902,49.0,66.35928285493179,52.74598219897321,14.0800118554759,0.0,27.7575648890746,3.3759914813526297,37.2283105700071,0.0,31.0166009201646,0.0,44.0,6.97431387394001,0.0,113.25,46.3943261465683,0.0,57.440719122882996,32.0,32.9753027287932,67.3698573916001,0.0,55.148542732984296,112.680458114121,0.0
96,2,19,4,0.1788,105,2130,2,8,240,734,0,11,1598,1257,30,5383,64,75,87,294,3,65,9,70,38,0,946,20,121,687,0,24.980952380952395,5.25062666631137,1.0,0.0,49.315268157929,22.2920244842277,0.0,0.0,2.900576304895,14.1443484382474,205.210879832154,29.3071079462755,60.016381139184105,35.2262614866221,10.685512967728599,64.6260746481609,2.0,15.497609723439698,73.0,47.767535181888704,7.91744029634426,0.0,65.9671261234986,213.337123176381,1.7416764416852701,84.99214435000809,0.0
57,2,30,4,0.4939,96,303,0,447,32,232,0,30,16,154,15,1843,0,33,9,0,0,0,55,0,0,5,382,6,19,776,0,4.0625,13.843508086640902,0.0,356.491185098191,61.0391944476647,28.414029212410497,0.0,10.955050117021502,3.33153575319052,17.4600530029808,50.1818181818182,27.7781392368273,0.0,46.4747371963054,1.0,0.0,0.0,0.0,70.8731940097082,0.0,0.0,2.0,90.78980157882309,9.0,63.0275212241233,66.82189017544759,0.0
112,1,25,5,1.2022,173,1041,0,30,63,116,4,6,737,141,19,1919,4,18,382,0,9,0,12,26,50,0,240,205,14,872,0,53.531791907514496,5.03909163889543,0.0,89.0072063578148,50.313642249229495,18.6247320781336,0.0,0.0,3.04062305322346,8.10243092842466,35.6537913016466,14.6978127925836,0.0,37.025066695892,7.05241931919547,0.0,273.865470646262,0.0,0.75,46.6348003404506,10.421483575434099,0.0,30.4098625096632,37.59955641968771,18.9372873962633,44.4660182293028,0.0
123,1,41,4,0.8845,1001,94,0,10,4,146,0,11,9,11,0,2136,4,116,57,0,0,10,0,4,0,0,12,0,16,10,0,96.34665334665328,18.2545405294677,0.0,0.0,0.0,25.9006102595666,0.0,80.0,3.5466937303455497,10.5454545454545,0.0,28.5896408291353,0.0,36.9887602553022,30.5767766045672,0.0,0.0,0.0,0.0,0.0,0.0,0.0,10.470033411347599,0.0,0.0,0.0,0.0
32,1,29,5,0.8474,246,269,0,0,33,198,0,0,4,138,0,1815,7,35,135,0,15,15,0,37,22,0,272,27,12,89,0,0.0,9.151020086760472,0.0,0.0,164.85038121538,22.7051911535358,0.0,0.0,17.281455125274597,20.400746386948303,0.0,30.2943708353975,84.2032944279366,45.343119472378504,10.30637792651,0.0,47.15287074247151,65.75686147914679,0.0,60.5429497737103,14.5880141391327,0.0,72.8301774918011,62.3846153846154,45.0235043854475,18.4628573112018,0.0
121,2,23,4,0.9769,176,246,0,30,31,65,0,15,7,42,1,1493,14,31,196,48,0,1,20,78,0,0,274,120,19,879,0,43.579545454545496,11.6916549519612,0.0,350.637954393056,191.689839841656,15.3575124528075,0.0,4.0,3.7880973937045495,43.7779238554602,0.0,24.383978105384497,23.8428772673416,53.845548744640894,14.275874745822899,4.65543038641333,0.0,27.0,0.0,47.5528035446266,0.0,0.0,54.0818843901949,6.0945936600909105,20.240051181949198,46.9481330763828,0.0
14,2,25,5,0.6056,154,132,0,0,15,73,0,0,9,58,0,1262,0,20,2,0,7,0,0,0,0,0,71,0,0,10,0,0.0,35.2908709849005,0.0,0.0,76.46004835346909,24.3822143053027,0.0,0.0,14.1815499156324,40.8556365883303,0.0,48.9017588036364,0.0,106.716715896117,0.0,0.0,59.132071853045,0.0,0.0,0.0,0.0,0.0,152.16114856662202,0.0,0.0,43.8801259395904,0.0
100,2,23,4,0.162,522,271,0,7,134,97,0,30,61,104,6,5469,29,45,152,0,0,5,212,76,0,99,231,0,4,108,0,322.051724137931,11.375024269846001,0.0,427.361826487004,49.112784983847895,22.700880077437898,0.0,11.778026350659301,4.511331615784281,23.116226411750496,66.6666666666667,33.184999901917,22.8419233427862,79.3600999841745,7.929706487141511,0.0,0.0,56.6,75.84007367134029,49.2006306006542,0.0,61.8383349756429,65.6565562392287,0.0,0.0,113.286910378247,0.0
19,1,23,4,0.0911,416,1428,56,14,307,529,6,50,1052,190,51,2111,32,73,72,0,0,4,59,153,8,0,1103,0,59,142,0,163.144230769231,8.79290599370074,44.7651458543641,0.0,14.437916692216001,3.86338374059046,6.98801378533665,25.463457453756,4.8983671315490405,9.82850323526592,37.932658857201,17.636532921895498,17.3978325951573,17.2409440837353,4.895117047721969,0.0,0.0,7.810025335964201,43.9159664100888,42.218758758874,17.5,0.0,35.5666837026103,0.0,13.7387943383393,24.3914916361507,0.0
29,2,23,4,-0.0782,238,237,0,163,21,40,0,16,113,90,7,2364,7,6,359,0,0,0,0,39,110,0,67,0,2,72,0,255.27731092437,16.9922426085128,0.0,254.49895073702098,231.2,27.285234003755,0.0,0.0,2.9420631330382205,22.811963462072395,57.4,37.381310054345896,41.9400668226953,51.34006606842279,10.6552439888099,0.0,0.0,0.0,0.0,55.981130341011294,34.91575999872,0.0,66.0259738155468,0.0,0.0,98.1962237539493,0.0
49,2,20,4,0.5569,138,112,4,168,10,95,0,6,9,83,0,760,10,16,29,0,0,0,0,43,2,0,118,0,4,170,0,56.463768115942,26.9489930170433,75.0,80.0165811034248,55.9902077414751,22.489549243586197,0.0,0.0,5.222657662791019,20.7084792281763,0.0,41.802467069494206,15.666666666666698,73.4401195869598,32.750093791831105,0.0,0.0,0.0,0.0,43.43108617413711,27.0,0.0,119.44877075405701,0.0,0.0,102.992078088395,0.0
118,2,40,4,1.5039,149,83,0,0,39,39,0,0,7,66,0,620,10,48,3,0,6,7,0,47,27,5,62,0,4,0,0,37.281879194630896,23.0116153367314,0.0,0.0,800.9210083780611,32.655289347958,0.0,0.0,4.81505802168736,27.452027456810104,0.0,71.84213417145371,552.5,134.367537166631,34.0,0.0,6.6533481743316605,117.57142857142901,0.0,100.36024129721399,19.6000353224909,16.0,156.074907933184,0.0,0.0,0.0,0.0
99,1,22,3,-0.1248,605,361,82,12,73,82,0,38,7794,214,311,5264,96,47,300,0,6,6,320,42,53,2413,631,0,7,2461,0,29.923966942148798,10.689473217665801,44.8836173747188,154.120358338242,95.0186633401698,22.3645777442987,0.0,91.14481615333371,3.24073576955572,19.6993618521828,33.9541965962788,23.0414444070877,69.5017947955288,41.066666666666706,17.282135462682902,0.0,31.3333333333333,29.5,45.9434213514917,38.3846737750739,4.83347154288789,24.6493393165955,43.0890345285525,0.0,76.6666666666667,32.0312909101808,0.0
82,1,21,4,0.7566,28,293,6,199,17,281,0,0,19,385,80,4621,143,66,39,0,33,22,0,105,13,0,727,0,9,1659,0,12.0714285714286,13.044209864623802,37.0,188.938816589128,276.625,19.0246734790319,0.0,0.0,3.14782796639825,24.344433282994398,50.90627449116529,32.099305141959,193.623821085233,51.183790419721795,15.1223070242175,0.0,11.257626975695,97.41915544117279,0.0,36.7840198490191,6.53779906138961,0.0,97.61678277945579,0.0,1352.46483723271,134.498118233519,0.0
64,2,22,4,0.2701,86,146,0,245,60,118,0,12,51,50,0,1018,20,30,8,0,0,2,2,0,0,0,290,0,25,444,0,43.069767441860506,5.390229019731281,0.0,89.4954188406001,282.269051391577,45.527101862214096,0.0,0.0,3.17485506410258,37.045075724533795,0.0,13.8636704842293,270.715220858853,49.326220469754105,0.0,0.0,0.0,8.0,0.0,0.0,0.0,0.0,62.0479148991043,0.0,15.618750716586199,24.956703830549504,0.0
136,1,27,5,0.3734,874,369,37,2,132,161,0,532,92,58,26,3803,145,97,326,0,14,1,0,74,21,0,432,34,20,318,0,154.132723112128,10.3736549117988,32.2366817394237,127.0,164.026709958589,14.206531180493801,0.0,91.43647721622759,3.7839365746343194,20.449635293715,45.4895589221958,18.3167966288607,16.1233614559007,57.3791929389414,19.23137196793,0.0,66.6655085016236,18.0,0.0,41.583533799378294,11.192882373561499,0.0,72.45283754420579,26.646465719103603,113.352300756766,79.2856082410852,0.0
79,2,24,5,0.8584,269,218,0,101,15,104,0,39,8,503,0,3669,8,42,4,0,0,5,3,48,23,0,308,0,3,1087,0,297.602230483271,14.960151797894198,0.0,16.1149185356809,68.6750897068662,5.07436269873016,0.0,34.597885104281204,2.4898365121999704,13.856009857798801,0.0,33.873137706364005,4.0,67.7614792957101,0.0,0.0,0.0,34.0,4.0,58.13916317636,24.071633988098803,0.0,40.070230976088204,0.0,1.0,37.596742761513504,0.0
69,2,26,4,-0.4214,79,188,0,0,15,146,0,12,10,71,0,860,7,10,5,0,0,7,0,0,91,0,300,0,24,8,0,8.10126582278481,6.4684107833790305,0.0,0.0,39.3144140467476,21.940881505103302,0.0,5.0,10.132017333117501,22.179007162512804,0.0,8.82876059983736,2.0,42.391171053263996,6.0,0.0,0.0,5.326673722397009,0.0,0.0,17.5488420088769,0.0,52.58080132828421,0.0,6.42857221014629,4.0,0.0
80,1,24,5,0.4346,135,183,7,0,8,125,0,6,81,42,0,1137,0,50,6,0,0,0,26,63,0,0,233,0,0,433,0,19.5851851851852,16.657680770749,110.300370616264,0.0,22.0,20.8495779061235,0.0,3.16333704358292,4.72588014628224,18.491912906535802,0.0,29.562410276048897,0.0,61.712187487876704,0.0,0.0,0.0,0.0,45.8595485993099,63.91561107632461,0.0,0.0,104.860532220564,0.0,0.0,101.36615080455799,0.0
20,1,18,4,0.9713,129,134,0,153,15,313,0,85,16,32,0,643,4,4,60,0,4,2,2,18,24,0,529,0,4,752,0,39.5271317829457,22.7973897970567,0.0,146.09142268241501,50.0287027817453,46.7667750593083,0.0,108.50407271017099,3.2715269172428,21.5092012649923,0.0,27.379405485616697,0.0,0.0,11.652825782714501,0.0,0.0,0.0,0.0,42.1601548142959,10.2340194580297,0.0,121.422158228206,0.0,0.0,81.69538542937451,0.0
132,2,22,5,0.3392,42,614,0,3,65,46,18,9,17,119,0,3144,0,39,158,0,8,1,0,59,76,22,182,0,0,1856,0,341.5,20.842479700816604,0.0,148.0,52.1779307996216,16.153340697326698,72.3114658148922,75.6666666666667,4.8462738165067405,39.6259162155619,0.0,38.104340482103204,0.0,49.6964923025119,9.074864023901869,0.0,39.3333333333333,82.0,0.0,55.8975611316325,31.25446223303,42.4166666666667,71.46387077361209,0.0,0.0,52.6005524632897,0.0
72,2,28,5,0.6559999999999999,32,122,0,5,0,140,0,144,15,80,0,963,2,24,67,0,60,14,0,38,0,0,117,0,1,0,0,258.0,32.6085972342512,0.0,234.75,0.0,20.6958361621395,0.0,15.6361361227947,5.49784542467956,40.7229612178906,0.0,33.757956473327695,0.0,89.25614161807721,33.239868684411,0.0,244.862269858535,298.910349155132,0.0,55.089653471301006,0.0,0.0,171.92859593441202,0.0,12.0,0.0,0.0
77,2,24,5,0.5107,98,106,42,0,14,44,0,2,3,59,4,1170,4,86,14,0,154,7,0,152,0,0,118,4,14,0,0,50.0,9.911272945473051,44.0168856341148,0.0,14.9633781519908,15.394736842105301,0.0,0.0,3.0714983516451,21.8440348849657,0.0,23.5085930132276,0.0,67.0330005988466,5.9750278427897,0.0,123.367174358439,39.6200462172734,0.0,36.291995326164205,0.0,0.0,56.578807714160995,0.0,20.9836496644885,0.0,0.0
25,2,24,4,-0.2345,89,112,0,1,31,67,0,51,21,69,1,1693,4,129,4,0,0,24,70,25,0,0,480,0,24,479,0,53.4606741573034,4.87446038616496,0.0,18.0,149.817836582384,27.283526514945198,0.0,111.372088729009,3.0193190037973703,30.606182705732103,0.0,46.0084452351595,0.0,57.197207215260605,0.0,0.0,0.0,45.906776168730296,53.67132265146051,57.3436647090312,0.0,0.0,92.52414488625091,0.0,18.240008766228,106.999438394955,0.0
37,1,21,4,0.9459,362,2836,0,507,46,64,8,4,20,34,0,2089,11,89,63,0,1,5,0,0,0,0,564,3,4,229,0,184.17403314917098,2.2872554464327597,0.0,84.2261174921137,73.66021540467091,14.379490815060501,8.31335712714195,0.0,3.7177826864091004,6.26001103361145,0.0,30.0264742514247,16.940070586319898,38.8962153248343,19.1130906796511,0.0,0.0,157.5,0.0,0.0,0.0,0.0,48.7989984243939,0.0,0.0,41.0630161353316,0.0
81,2,20,4,0.9814,113,151,0,321,80,156,0,6,5,132,0,2364,6,21,185,47,0,0,0,24,13,22,639,0,4,386,0,71.81415929203541,13.059132389919501,0.0,517.762787905341,121.587724755055,23.3689037479232,0.0,0.0,3.2914121548985698,48.833009917255,0.0,40.7915037519072,0.0,109.072235014546,28.885547215909902,9.07244270668403,0.0,0.0,0.0,91.66146329441509,18.2366725893782,80.55399781068141,112.96263852172301,0.0,0.0,36.8489207309836,0.0
126,2,19,4,0.2617,221,186,13,116,52,55,0,13,11,73,25,1329,3,26,33,0,0,5,0,40,0,0,287,0,34,416,0,135.316742081448,23.8018028702715,41.2727272727273,269.771305155882,421.05524641850195,24.1770280206647,0.0,35.8801336453906,3.9508366794912004,23.0465896470809,46.9358525075251,37.2340034636974,11.0,121.845647376584,11.7150359894835,0.0,0.0,48.6,0.0,68.7365166252941,0.0,0.0,73.2726104713104,0.0,151.875,99.04605170488189,0.0
46,2,21,4,0.7341,101,17,0,81,8,193,0,3,11,2,0,481,0,42,0,0,0,47,0,0,0,0,121,0,0,234,0,20.980198019802,30.0160977384012,0.0,123.833865852049,240.0,30.606042023432003,0.0,33.0,9.906606323246619,58.5,0.0,48.58303342036879,0.0,60.503742590675294,0.0,0.0,0.0,34.3111111111111,0.0,0.0,0.0,0.0,97.4199201100823,0.0,0.0,164.236382380169,0.0
129,2,23,5,1.2624,260,455,4,32,76,312,1,5,78,48,73,3561,28,95,71,0,2,2,47,207,2,0,322,234,0,471,5,63.26153846153849,15.625698023733802,10.0,67.0962262575582,22.515411532557803,14.301195682028501,4.0,12.0,2.0,18.9920396934927,26.370290456680603,13.1931415804869,39.755062039135105,59.7877323060564,5.3747097344069195,0.0,218.0,32.0,13.9045531213407,21.546362276926605,0.0,0.0,29.3739652857871,8.9664345330148,0.0,36.9458768309328,62.0801593546342
39,2,19,4,1.3901,378,127,0,16,3,11,0,4,10,56,0,1267,0,19,52,48,0,4,0,18,0,0,45,0,2,32,0,47.0026455026455,27.7148691779841,0.0,92.35224076590359,92.5604900330987,33.636363636363605,0.0,0.0,3.35468002548644,36.8992495014465,0.0,28.476885119053602,0.0,107.968354757729,14.245518088004902,10.2945552309157,0.0,119.75,0.0,66.5438172981996,0.0,0.0,61.35535566428221,0.0,0.0,55.12156425107579,0.0
102,1,26,5,-0.0558,464,3820,0,279,227,428,1,20,61,138,35,2459,0,185,186,0,0,12,28,76,0,29,559,12,5,842,0,82.3448275862069,3.6805926846076806,0.0,124.711703824813,79.188935217868,27.716519691690397,8.0,0.0,2.0,17.6665838897132,41.4835231387755,28.4419815451337,0.0,49.71595670554729,19.4413382217314,0.0,0.0,32.2400524859924,82.5528279447539,43.1295870255598,0.0,44.8432428654748,58.0578987798542,10.5,6.5,40.195047100278295,0.0
65,2,22,5,0.5095,149,128,0,88,164,331,0,60,42,67,0,1855,0,48,47,0,0,0,0,175,17,0,328,5,0,454,0,96.2147651006711,9.985203180365241,0.0,113.04028142403799,208.02395706546397,20.6405956906015,0.0,49.8730156967441,3.2738597989825804,22.669698322636,0.0,16.6716137624761,0.0,52.83368146473929,16.405279657061698,0.0,0.0,0.0,0.0,24.5400428576377,24.7058823529412,0.0,68.15970694959971,35.39011099414439,0.0,59.9683266599242,0.0
58,1,23,4,-0.3345,62,68,0,0,13,45,0,0,729,56,0,653,4,13,150,0,0,0,0,17,0,0,27,6,3,141,0,38.8870967741936,16.6950798114729,0.0,0.0,59.5645530967109,19.8261530203009,0.0,0.0,8.22876123963017,34.0486991158751,0.0,37.287460331137204,0.0,44.2101070110573,35.4764893133309,0.0,0.0,0.0,0.0,52.75,0.0,0.0,33.3853701172926,0.0,2.0,70.2857194937898,0.0
12,2,27,2,0.6785,178,373,0,0,26,68,0,6,30,196,0,2255,19,12,8,0,0,14,122,0,0,0,25,0,143,460,0,459.050561797753,27.9421592546769,0.0,0.0,140.423646194972,34.1730387197043,0.0,0.0,2.63672074340233,23.2724397629612,0.0,30.0203827827785,20.624305084389103,32.0,33.0,0.0,0.0,44.4200828473656,48.857976528330795,0.0,0.0,0.0,98.05834472828128,0.0,40.1778427416209,107.390911893298,0.0
127,2,19,4,1.8813,75,201,0,440,6,424,0,0,18,185,0,3694,75,10,30,0,55,7,0,197,8,0,655,0,15,0,0,6.58666666666667,19.194701714664898,0.0,114.79653764855699,0.0,21.5022286560706,0.0,0.0,2.78114822487037,18.5755216593386,0.0,32.4333916518882,19.2516786408842,62.2830194979701,10.2938626058429,0.0,83.1312922819601,7.58401943755716,0.0,36.679053650178105,4.1880143080078,0.0,76.33045544711659,0.0,37.9508157976409,0.0,0.0
88,2,25,5,0.1266,85,243,0,0,22,87,0,10,2,56,17,1382,20,33,6,0,0,0,0,59,0,38,270,0,2,614,0,0.0,6.17029208920089,0.0,0.0,51.1323158129276,24.7212375814461,0.0,0.0,2.3897568278974397,29.9864329699505,72.3567167729421,15.642073008297901,27.1875,78.3743373565208,0.0,0.0,0.0,0.0,0.0,52.928246211609,0.0,39.50720243630929,65.4884658220141,0.0,0.0,29.5539956233497,0.0
70,1,23,4,2.3534,171,2560,297,696,170,323,11,8,2289,210,39,2258,11,112,84,0,107,58,31,0,0,0,1659,9,11,28,6,222.485380116959,7.05466732657363,30.2185495934529,85.79934759181859,12.5995315313079,15.399149104816,2.9960082013523706,13.0,4.5762223426588,5.72329318840138,14.022463662044599,12.223277100711,15.285714285714299,14.6274987922033,2.9620868893856698,0.0,24.413800379144,6.220522449042081,186.09586981437099,0.0,0.0,0.0,44.6304060549822,26.704110606064802,1.29800242257695,39.149388525919,0.0
87,1,25,5,0.9174,248,181,33,0,14,138,0,11,52,211,8,2184,2,66,17,0,0,60,79,16,28,130,26,0,10,294,0,405.47177419354796,18.820456241685697,47.1777703222297,0.0,159.23431559408002,38.1103108492273,0.0,2.0,4.84198952103816,22.519338464169003,45.422086925504395,27.366409631893,0.0,46.6981941674693,8.63572010051687,0.0,0.0,38.67892843277,51.112952176598704,57.5475796707094,43.1635379527791,68.0936597139608,74.6249106715501,0.0,35.0,88.5789754262201,0.0
36,2,26,4,0.6427,139,393,0,0,175,118,0,12,53,85,0,2348,16,34,21,0,0,21,5,100,1,0,1453,0,15,10,0,7.05035971223022,11.6340805593606,0.0,0.0,268.44692223331504,25.897743246610897,0.0,0.0,2.66240324230017,21.1223536064544,0.0,34.4812697403616,11.2300205519077,53.298766779844506,4.1354065152226696,0.0,0.0,38.7600639988607,72.8,50.1446779572561,2.0,0.0,87.01818761569821,0.0,60.4319620755903,78.0,0.0
21,2,28,4,-0.3466,124,112,0,2,101,160,2,25,16,379,19,1913,4,67,393,0,4,2,271,42,83,0,274,19,4,1041,0,42.6693548387097,15.0524012665117,0.0,95.0,123.014899167709,65.2388202280169,0.0,78.1768494760492,4.93931621574526,76.4720709955386,335.316354422885,76.0576506262268,0.0,61.4243799205334,43.1596699455372,0.0,0.0,43.0,207.973433741572,52.8162900567241,47.1336492232385,0.0,93.9412376662835,58.6666666666667,0.0,112.191333718386,0.0
9,2,21,4,0.259,37,204,0,387,23,269,0,84,19,126,91,2086,17,21,15,75,0,11,7,316,2,0,446,6,14,95,0,241.86486486486498,9.99111587506931,0.0,366.901522057561,18.606738365984,15.4426346082479,0.0,79.57480968355941,3.50775107499878,24.261084483414198,115.49350208554701,37.603151291037896,47.0400499456983,33.5714285714286,71.1818181818182,7.46180913705292,0.0,20.455052811614,28.9350723912532,50.7616606810347,0.0,0.0,53.722715532551796,65.86515532490961,12.0911341441243,34.7651563224408,0.0
103,2,20,4,0.3014,318,315,0,16,36,73,0,142,64,360,3,4877,6,270,12,0,0,38,7,24,49,0,377,0,43,1024,0,58.7169811320755,17.4689675705921,0.0,0.0,82.63425899052521,22.4877429664653,0.0,5.2890453625193095,3.6268485851507597,23.3237684346351,2.0,30.662802643243605,0.0,37.310459820941205,0.0,0.0,0.0,50.7788731732915,18.25,34.856392182265104,14.5739277857706,0.0,72.13410324119509,0.0,26.1500453346819,57.239190927027295,0.0
67,1,19,4,0.2423,82,659,129,0,107,138,0,15,141,170,1,6448,976,64,211,0,0,39,48,51,31,0,461,3,98,2341,0,1.5,13.257020042651998,45.8559792107166,0.0,65.8516889481661,35.2664500298415,0.0,61.8333333333333,3.29281055106489,19.462993764384102,4.0,36.8905631828954,83.60818402573001,47.8416756843448,12.1205207409774,0.0,0.0,33.6155687179092,116.348214460555,45.0954560790349,21.259323480100697,0.0,60.10988515191771,3.0,32.2619934197282,36.913943853008,0.0
117,1,23,5,1.3298,31,247,0,185,21,729,0,14,36,459,0,3754,8,0,23,0,0,19,30,0,38,0,468,99,30,10,0,0.0,11.225017176869098,0.0,64.6922338731609,38.4444444444444,9.05799337158024,0.0,24.0,2.52480991578425,27.5085879179505,0.0,50.7828785128855,0.0,0.0,6.34589065663631,0.0,0.0,27.7818536601826,47.40803710962751,0.0,22.681682194750298,0.0,66.56704541702639,5.01798227679874,23.864036408380798,0.0,0.0
47,1,20,4,-0.2055,135,277,0,0,0,367,0,2,144,152,0,1379,0,9,612,0,42,0,0,0,0,0,1033,0,4,0,0,22.325925925925898,9.453412448558359,0.0,0.0,0.0,12.0529569701541,0.0,0.0,2.8872180687922,34.919687768189505,0.0,32.6134650246046,0.0,60.8,11.1038844678831,0.0,51.1293996145906,0.0,0.0,0.0,0.0,0.0,84.7066002039818,0.0,2.0,0.0,0.0
